{"cameraMode":{"drawMode":0,"name":"Shaded","section":"Shading Mode"},"sceneLighting":true,"audioPlay":false,"sceneViewState":{"m_AlwaysRefresh":false,"showFog":true,"showSkybox":true,"showFlares":true,"showImageEffects":true,"showParticleSystems":true,"showVisualEffectGraphs":true,"m_FxEnabled":true},"in2DMode":false,"pivot":{"x":405.60247802734377,"y":2.9950149059295656,"z":391.47540283203127},"rotation":{"x":0.6324133276939392,"y":-0.01858587935566902,"z":0.015180723741650582,"w":0.7742620706558228},"size":8.320320129394532,"orthographic":false}